<?xml version="1.0" encoding="UTF-8"?>
<Configuration status="INFO">
    <Appenders>
        <!--콘솔-->
        <Console name="console" target="SYSTEM_OUT">
            <PatternLayout charset="UTF-8" pattern="%d{hh:mm:ss} %5p [%c] %m%n"/>
        </Console>
    </Appenders>
    <Loggers>
        <logger name="org.springframework" level="INFO" additivity="false">
            <appender-ref ref="console"/>
        </logger>

        <logger name="net.ict" level="INFO" additivity="false">
            <appender-ref ref="console"/>
        </logger>

        <root level="info" additivity="false">
            <AppenderRef ref="console"/>
        </root>
    </Loggers>
</Configuration>

